date,region,category,product_name,text,label,sentiment_label
2025-08-18,AE,sofa,CozyHome Sofa,I high quality the CozyHome Sofa. Great for my sofa needs.,positive,
2025-08-17,AE,sofa,CozyHome Sofa,I great the CozyHome Sofa. Great for my sofa needs.,positive,
2025-09-28,AU,sofa,CozyHome Sofa,This CozyHome Sofa is not comfortable. Very unhappy.,negative,
2025-09-05,IN,sofa,CozyHome Sofa,I well-made the CozyHome Sofa. Great for my sofa needs.,positive,
2025-09-28,DE,sofa,CozyHome Sofa,I happy with the CozyHome Sofa. Great for my sofa needs.,positive,
2025-08-09,ZA,sofa,CozyHome Sofa,I high quality the CozyHome Sofa. Great for my sofa needs.,positive,
2025-08-16,SG,sofa,CozyHome Sofa,CozyHome Sofa - ordered.,neutral,
2025-08-26,FR,sofa,CozyHome Sofa,I well-made the CozyHome Sofa. Great for my sofa needs.,positive,
2025-10-28,FR,sofa,CozyHome Sofa,I high quality the CozyHome Sofa. Great for my sofa needs.,positive,
2025-08-09,AE,sofa,CozyHome Sofa,I great the CozyHome Sofa. Great for my sofa needs.,positive,
2025-09-11,IN,sofa,UrbanLuxe Sofa,I love the UrbanLuxe Sofa. Great for my sofa needs.,positive,
2025-09-16,CA,sofa,UrbanLuxe Sofa,I high quality the UrbanLuxe Sofa. Great for my sofa needs.,positive,
2025-08-19,US,sofa,UrbanLuxe Sofa,I stylish the UrbanLuxe Sofa. Great for my sofa needs.,positive,
2025-08-08,SG,sofa,UrbanLuxe Sofa,I happy with the UrbanLuxe Sofa. Great for my sofa needs.,positive,
2025-08-05,FR,sofa,UrbanLuxe Sofa,I perfect the UrbanLuxe Sofa. Great for my sofa needs.,positive,
2025-09-05,DE,sofa,UrbanLuxe Sofa,I high quality the UrbanLuxe Sofa. Great for my sofa needs.,positive,
2025-08-28,DE,sofa,UrbanLuxe Sofa,I stylish the UrbanLuxe Sofa. Great for my sofa needs.,positive,
2025-09-09,AU,sofa,UrbanLuxe Sofa,I love the UrbanLuxe Sofa. Great for my sofa needs.,positive,
2025-08-06,SG,sofa,UrbanLuxe Sofa,I comfortable the UrbanLuxe Sofa. Great for my sofa needs.,positive,
2025-09-12,US,sofa,UrbanLuxe Sofa,I happy with the UrbanLuxe Sofa. Great for my sofa needs.,positive,
2025-08-11,IN,sofa,ComfortPlus Sofa,I love the ComfortPlus Sofa. Great for my sofa needs.,positive,
2025-10-23,US,sofa,ComfortPlus Sofa,I great the ComfortPlus Sofa. Great for my sofa needs.,positive,
2025-08-01,US,sofa,ComfortPlus Sofa,ComfortPlus Sofa - specs.,neutral,
2025-08-23,GB,sofa,ComfortPlus Sofa,I well-made the ComfortPlus Sofa. Great for my sofa needs.,positive,
2025-09-07,SG,sofa,ComfortPlus Sofa,ComfortPlus Sofa - price.,neutral,
2025-10-07,IN,sofa,ComfortPlus Sofa,I comfortable the ComfortPlus Sofa. Great for my sofa needs.,positive,
2025-08-13,US,sofa,ComfortPlus Sofa,I well-made the ComfortPlus Sofa. Great for my sofa needs.,positive,
2025-10-08,ZA,sofa,ComfortPlus Sofa,ComfortPlus Sofa - price.,neutral,
2025-09-22,AE,sofa,ComfortPlus Sofa,I comfortable the ComfortPlus Sofa. Great for my sofa needs.,positive,
2025-10-14,SG,sofa,ComfortPlus Sofa,This ComfortPlus Sofa is bad. Very unhappy.,negative,
2025-09-09,SG,sofa,EliteRelax Sofa,EliteRelax Sofa - color options.,neutral,
2025-09-10,FR,sofa,EliteRelax Sofa,I excellent the EliteRelax Sofa. Great for my sofa needs.,positive,
2025-10-04,SG,sofa,EliteRelax Sofa,I excellent the EliteRelax Sofa. Great for my sofa needs.,positive,
2025-08-24,DE,sofa,EliteRelax Sofa,I best purchase the EliteRelax Sofa. Great for my sofa needs.,positive,
2025-10-11,IN,sofa,EliteRelax Sofa,I excellent the EliteRelax Sofa. Great for my sofa needs.,positive,
2025-08-06,AE,sofa,EliteRelax Sofa,EliteRelax Sofa - dimensions.,neutral,
2025-08-27,FR,sofa,EliteRelax Sofa,EliteRelax Sofa - received.,neutral,
2025-08-14,CA,sofa,EliteRelax Sofa,I perfect the EliteRelax Sofa. Great for my sofa needs.,positive,
2025-09-29,CA,sofa,EliteRelax Sofa,This EliteRelax Sofa is cheap. Very unhappy.,negative,
2025-08-05,FR,sofa,EliteRelax Sofa,I well-made the EliteRelax Sofa. Great for my sofa needs.,positive,
2025-09-11,DE,sofa,BudgetBuild Sofa,I comfortable the BudgetBuild Sofa. Great for my sofa needs.,positive,
2025-09-01,DE,sofa,BudgetBuild Sofa,This BudgetBuild Sofa is cheap. Very unhappy.,negative,
2025-10-04,DE,sofa,BudgetBuild Sofa,I happy with the BudgetBuild Sofa. Great for my sofa needs.,positive,
2025-09-22,ZA,sofa,BudgetBuild Sofa,I great the BudgetBuild Sofa. Great for my sofa needs.,positive,
2025-08-09,US,sofa,BudgetBuild Sofa,I happy with the BudgetBuild Sofa. Great for my sofa needs.,positive,
2025-09-17,ZA,sofa,BudgetBuild Sofa,I perfect the BudgetBuild Sofa. Great for my sofa needs.,positive,
2025-10-10,GB,sofa,BudgetBuild Sofa,This BudgetBuild Sofa is poor quality. Very unhappy.,negative,
2025-08-03,SG,sofa,BudgetBuild Sofa,I comfortable the BudgetBuild Sofa. Great for my sofa needs.,positive,
2025-08-03,FR,sofa,BudgetBuild Sofa,I happy with the BudgetBuild Sofa. Great for my sofa needs.,positive,
2025-10-08,DE,sofa,BudgetBuild Sofa,I great the BudgetBuild Sofa. Great for my sofa needs.,positive,
2025-09-26,SG,sofa,ModernSit Sofa,I high quality the ModernSit Sofa. Great for my sofa needs.,positive,
2025-09-06,SG,sofa,ModernSit Sofa,I well-made the ModernSit Sofa. Great for my sofa needs.,positive,
2025-08-17,FR,sofa,ModernSit Sofa,ModernSit Sofa - price.,neutral,
2025-08-04,GB,sofa,ModernSit Sofa,I well-made the ModernSit Sofa. Great for my sofa needs.,positive,
2025-09-09,AU,sofa,ModernSit Sofa,I great the ModernSit Sofa. Great for my sofa needs.,positive,
2025-08-31,DE,sofa,ModernSit Sofa,I comfortable the ModernSit Sofa. Great for my sofa needs.,positive,
2025-09-02,SG,sofa,ModernSit Sofa,This ModernSit Sofa is disappointing. Very unhappy.,negative,
2025-08-22,SG,sofa,ModernSit Sofa,I well-made the ModernSit Sofa. Great for my sofa needs.,positive,
2025-08-15,AE,sofa,ModernSit Sofa,I comfortable the ModernSit Sofa. Great for my sofa needs.,positive,
2025-10-13,AU,sofa,ModernSit Sofa,I comfortable the ModernSit Sofa. Great for my sofa needs.,positive,
2025-10-06,FR,sofa,Prestige Sofa,I perfect the Prestige Sofa. Great for my sofa needs.,positive,
2025-09-29,IN,sofa,Prestige Sofa,Prestige Sofa - delivery update.,neutral,
2025-08-06,US,sofa,Prestige Sofa,I well-made the Prestige Sofa. Great for my sofa needs.,positive,
2025-08-24,FR,sofa,Prestige Sofa,I best purchase the Prestige Sofa. Great for my sofa needs.,positive,
2025-08-19,SG,sofa,Prestige Sofa,I happy with the Prestige Sofa. Great for my sofa needs.,positive,
2025-10-11,GB,sofa,Prestige Sofa,I high quality the Prestige Sofa. Great for my sofa needs.,positive,
2025-07-31,US,sofa,Prestige Sofa,This Prestige Sofa is worst. Very unhappy.,negative,
2025-10-14,AE,sofa,Prestige Sofa,I perfect the Prestige Sofa. Great for my sofa needs.,positive,
2025-09-01,US,sofa,Prestige Sofa,I great the Prestige Sofa. Great for my sofa needs.,positive,
2025-08-27,SG,sofa,Prestige Sofa,I perfect the Prestige Sofa. Great for my sofa needs.,positive,
2025-09-27,AU,sofa,FamilyNest Sofa,I high quality the FamilyNest Sofa. Great for my sofa needs.,positive,
2025-10-19,SG,sofa,FamilyNest Sofa,I best purchase the FamilyNest Sofa. Great for my sofa needs.,positive,
2025-10-04,IN,sofa,FamilyNest Sofa,I perfect the FamilyNest Sofa. Great for my sofa needs.,positive,
2025-10-28,US,sofa,FamilyNest Sofa,I high quality the FamilyNest Sofa. Great for my sofa needs.,positive,
2025-10-13,FR,sofa,FamilyNest Sofa,I comfortable the FamilyNest Sofa. Great for my sofa needs.,positive,
2025-09-07,US,sofa,FamilyNest Sofa,I comfortable the FamilyNest Sofa. Great for my sofa needs.,positive,
2025-10-13,DE,sofa,FamilyNest Sofa,FamilyNest Sofa - available.,neutral,
2025-08-23,GB,sofa,FamilyNest Sofa,I best purchase the FamilyNest Sofa. Great for my sofa needs.,positive,
2025-10-20,GB,sofa,FamilyNest Sofa,I best purchase the FamilyNest Sofa. Great for my sofa needs.,positive,
2025-10-02,AE,sofa,FamilyNest Sofa,I perfect the FamilyNest Sofa. Great for my sofa needs.,positive,
2025-08-18,CA,sofa,CloudNine Sofa,This CloudNine Sofa is missing parts. Very unhappy.,negative,
2025-10-10,AE,sofa,CloudNine Sofa,I stylish the CloudNine Sofa. Great for my sofa needs.,positive,
2025-08-17,DE,sofa,CloudNine Sofa,I high quality the CloudNine Sofa. Great for my sofa needs.,positive,
2025-08-17,US,sofa,CloudNine Sofa,I love the CloudNine Sofa. Great for my sofa needs.,positive,
2025-08-16,CA,sofa,CloudNine Sofa,I well-made the CloudNine Sofa. Great for my sofa needs.,positive,
2025-10-20,SG,sofa,CloudNine Sofa,I love the CloudNine Sofa. Great for my sofa needs.,positive,
2025-08-26,US,sofa,CloudNine Sofa,I perfect the CloudNine Sofa. Great for my sofa needs.,positive,
2025-08-15,CA,sofa,CloudNine Sofa,I high quality the CloudNine Sofa. Great for my sofa needs.,positive,
2025-08-18,US,sofa,CloudNine Sofa,This CloudNine Sofa is not comfortable. Very unhappy.,negative,
2025-10-05,US,sofa,CloudNine Sofa,This CloudNine Sofa is damaged. Very unhappy.,negative,
2025-09-28,SG,sofa,RoyalLounger Sofa,I stylish the RoyalLounger Sofa. Great for my sofa needs.,positive,
2025-08-15,FR,sofa,RoyalLounger Sofa,I great the RoyalLounger Sofa. Great for my sofa needs.,positive,
2025-08-24,IN,sofa,RoyalLounger Sofa,I love the RoyalLounger Sofa. Great for my sofa needs.,positive,
2025-08-12,US,sofa,RoyalLounger Sofa,RoyalLounger Sofa - inquiry.,neutral,
2025-08-03,IN,sofa,RoyalLounger Sofa,I perfect the RoyalLounger Sofa. Great for my sofa needs.,positive,
2025-09-03,AU,sofa,RoyalLounger Sofa,I high quality the RoyalLounger Sofa. Great for my sofa needs.,positive,
2025-09-01,DE,sofa,RoyalLounger Sofa,RoyalLounger Sofa - color options.,neutral,
2025-10-26,ZA,sofa,RoyalLounger Sofa,RoyalLounger Sofa - received.,neutral,
2025-10-19,AE,sofa,RoyalLounger Sofa,I love the RoyalLounger Sofa. Great for my sofa needs.,positive,
2025-09-19,AU,sofa,RoyalLounger Sofa,I great the RoyalLounger Sofa. Great for my sofa needs.,positive,
2025-09-14,SG,bed,SleepWell Bed,SleepWell Bed - ordered.,neutral,
2025-08-12,AE,bed,SleepWell Bed,I happy with the SleepWell Bed. Great for my bed needs.,positive,
2025-10-27,US,bed,SleepWell Bed,I love the SleepWell Bed. Great for my bed needs.,positive,
2025-10-13,AE,bed,SleepWell Bed,SleepWell Bed - ordered.,neutral,
2025-10-20,GB,bed,SleepWell Bed,I excellent the SleepWell Bed. Great for my bed needs.,positive,
2025-08-04,DE,bed,SleepWell Bed,I excellent the SleepWell Bed. Great for my bed needs.,positive,
2025-10-19,DE,bed,SleepWell Bed,This SleepWell Bed is missing parts. Very unhappy.,negative,
2025-10-11,AE,bed,SleepWell Bed,This SleepWell Bed is disappointing. Very unhappy.,negative,
2025-09-02,US,bed,SleepWell Bed,I happy with the SleepWell Bed. Great for my bed needs.,positive,
2025-10-08,CA,bed,SleepWell Bed,I high quality the SleepWell Bed. Great for my bed needs.,positive,
2025-10-23,GB,bed,DreamSpace Bed,I perfect the DreamSpace Bed. Great for my bed needs.,positive,
2025-07-31,ZA,bed,DreamSpace Bed,DreamSpace Bed - color options.,neutral,
2025-08-14,IN,bed,DreamSpace Bed,I great the DreamSpace Bed. Great for my bed needs.,positive,
2025-09-16,SG,bed,DreamSpace Bed,I high quality the DreamSpace Bed. Great for my bed needs.,positive,
2025-08-26,IN,bed,DreamSpace Bed,I excellent the DreamSpace Bed. Great for my bed needs.,positive,
2025-09-20,ZA,bed,DreamSpace Bed,This DreamSpace Bed is poor quality. Very unhappy.,negative,
2025-10-16,DE,bed,DreamSpace Bed,I well-made the DreamSpace Bed. Great for my bed needs.,positive,
2025-09-08,AU,bed,DreamSpace Bed,I comfortable the DreamSpace Bed. Great for my bed needs.,positive,
2025-09-12,GB,bed,DreamSpace Bed,I best purchase the DreamSpace Bed. Great for my bed needs.,positive,
2025-08-13,AE,bed,DreamSpace Bed,DreamSpace Bed - ordered.,neutral,
2025-08-13,AU,bed,ComfortRest Bed,I stylish the ComfortRest Bed. Great for my bed needs.,positive,
2025-10-28,AE,bed,ComfortRest Bed,I stylish the ComfortRest Bed. Great for my bed needs.,positive,
2025-10-18,GB,bed,ComfortRest Bed,I well-made the ComfortRest Bed. Great for my bed needs.,positive,
2025-08-04,AU,bed,ComfortRest Bed,I well-made the ComfortRest Bed. Great for my bed needs.,positive,
2025-08-22,AU,bed,ComfortRest Bed,This ComfortRest Bed is late delivery. Very unhappy.,negative,
2025-08-22,CA,bed,ComfortRest Bed,I perfect the ComfortRest Bed. Great for my bed needs.,positive,
2025-08-30,FR,bed,ComfortRest Bed,This ComfortRest Bed is worst. Very unhappy.,negative,
2025-09-22,US,bed,ComfortRest Bed,I perfect the ComfortRest Bed. Great for my bed needs.,positive,
2025-09-08,US,bed,ComfortRest Bed,ComfortRest Bed - price.,neutral,
2025-09-02,SG,bed,ComfortRest Bed,I love the ComfortRest Bed. Great for my bed needs.,positive,
2025-10-04,GB,bed,OrthoCare Bed,I best purchase the OrthoCare Bed. Great for my bed needs.,positive,
2025-08-13,GB,bed,OrthoCare Bed,I happy with the OrthoCare Bed. Great for my bed needs.,positive,
2025-10-14,AE,bed,OrthoCare Bed,This OrthoCare Bed is missing parts. Very unhappy.,negative,
2025-08-05,CA,bed,OrthoCare Bed,I well-made the OrthoCare Bed. Great for my bed needs.,positive,
2025-10-01,IN,bed,OrthoCare Bed,I stylish the OrthoCare Bed. Great for my bed needs.,positive,
2025-10-25,GB,bed,OrthoCare Bed,I love the OrthoCare Bed. Great for my bed needs.,positive,
2025-08-10,IN,bed,OrthoCare Bed,I happy with the OrthoCare Bed. Great for my bed needs.,positive,
2025-08-26,GB,bed,OrthoCare Bed,I comfortable the OrthoCare Bed. Great for my bed needs.,positive,
2025-08-25,IN,bed,OrthoCare Bed,OrthoCare Bed - delivery update.,neutral,
2025-10-15,ZA,bed,OrthoCare Bed,This OrthoCare Bed is broken. Very unhappy.,negative,
2025-10-10,AE,bed,Midnight Bed,I high quality the Midnight Bed. Great for my bed needs.,positive,
2025-10-07,US,bed,Midnight Bed,I perfect the Midnight Bed. Great for my bed needs.,positive,
2025-08-14,AE,bed,Midnight Bed,This Midnight Bed is not comfortable. Very unhappy.,negative,
2025-09-05,FR,bed,Midnight Bed,I stylish the Midnight Bed. Great for my bed needs.,positive,
2025-09-13,US,bed,Midnight Bed,I high quality the Midnight Bed. Great for my bed needs.,positive,
2025-09-09,GB,bed,Midnight Bed,This Midnight Bed is cheap. Very unhappy.,negative,
2025-10-23,IN,bed,Midnight Bed,I high quality the Midnight Bed. Great for my bed needs.,positive,
2025-10-29,IN,bed,Midnight Bed,I well-made the Midnight Bed. Great for my bed needs.,positive,
2025-09-22,GB,bed,Midnight Bed,I best purchase the Midnight Bed. Great for my bed needs.,positive,
2025-09-20,ZA,bed,Midnight Bed,I high quality the Midnight Bed. Great for my bed needs.,positive,
2025-08-01,GB,bed,RestEasy Bed,I happy with the RestEasy Bed. Great for my bed needs.,positive,
2025-09-28,AE,bed,RestEasy Bed,This RestEasy Bed is cheap. Very unhappy.,negative,
2025-09-11,SG,bed,RestEasy Bed,I well-made the RestEasy Bed. Great for my bed needs.,positive,
2025-10-09,AU,bed,RestEasy Bed,I happy with the RestEasy Bed. Great for my bed needs.,positive,
2025-08-11,GB,bed,RestEasy Bed,I excellent the RestEasy Bed. Great for my bed needs.,positive,
2025-10-07,US,bed,RestEasy Bed,I perfect the RestEasy Bed. Great for my bed needs.,positive,
2025-08-16,ZA,bed,RestEasy Bed,I perfect the RestEasy Bed. Great for my bed needs.,positive,
2025-10-02,US,bed,RestEasy Bed,This RestEasy Bed is bad. Very unhappy.,negative,
2025-08-03,AE,bed,RestEasy Bed,I well-made the RestEasy Bed. Great for my bed needs.,positive,
2025-08-26,CA,bed,RestEasy Bed,I stylish the RestEasy Bed. Great for my bed needs.,positive,
2025-10-15,FR,bed,CloudSleep Bed,This CloudSleep Bed is worst. Very unhappy.,negative,
2025-10-21,GB,bed,CloudSleep Bed,I love the CloudSleep Bed. Great for my bed needs.,positive,
2025-10-11,AE,bed,CloudSleep Bed,I well-made the CloudSleep Bed. Great for my bed needs.,positive,
2025-08-20,IN,bed,CloudSleep Bed,This CloudSleep Bed is disappointing. Very unhappy.,negative,
2025-08-12,DE,bed,CloudSleep Bed,I happy with the CloudSleep Bed. Great for my bed needs.,positive,
2025-10-16,SG,bed,CloudSleep Bed,I happy with the CloudSleep Bed. Great for my bed needs.,positive,
2025-08-12,AE,bed,CloudSleep Bed,I high quality the CloudSleep Bed. Great for my bed needs.,positive,
2025-08-22,ZA,bed,CloudSleep Bed,This CloudSleep Bed is cheap. Very unhappy.,negative,
2025-10-22,AE,bed,CloudSleep Bed,I love the CloudSleep Bed. Great for my bed needs.,positive,
2025-10-22,ZA,bed,CloudSleep Bed,CloudSleep Bed - delivery update.,neutral,
2025-10-12,GB,bed,NightHaven Bed,I great the NightHaven Bed. Great for my bed needs.,positive,
2025-09-25,GB,bed,NightHaven Bed,NightHaven Bed - ordered.,neutral,
2025-10-14,US,bed,NightHaven Bed,I best purchase the NightHaven Bed. Great for my bed needs.,positive,
2025-09-21,ZA,bed,NightHaven Bed,I stylish the NightHaven Bed. Great for my bed needs.,positive,
2025-08-28,ZA,bed,NightHaven Bed,I happy with the NightHaven Bed. Great for my bed needs.,positive,
2025-10-01,IN,bed,NightHaven Bed,I perfect the NightHaven Bed. Great for my bed needs.,positive,
2025-08-08,AE,bed,NightHaven Bed,I happy with the NightHaven Bed. Great for my bed needs.,positive,
2025-08-25,CA,bed,NightHaven Bed,I great the NightHaven Bed. Great for my bed needs.,positive,
2025-09-12,ZA,bed,NightHaven Bed,NightHaven Bed - price.,neutral,
2025-08-10,AE,bed,NightHaven Bed,This NightHaven Bed is late delivery. Very unhappy.,negative,
2025-10-27,US,bed,LuxeSleep Bed,LuxeSleep Bed - dimensions.,neutral,
2025-09-27,SG,bed,LuxeSleep Bed,I perfect the LuxeSleep Bed. Great for my bed needs.,positive,
2025-10-16,GB,bed,LuxeSleep Bed,I love the LuxeSleep Bed. Great for my bed needs.,positive,
2025-10-02,ZA,bed,LuxeSleep Bed,I best purchase the LuxeSleep Bed. Great for my bed needs.,positive,
2025-09-14,ZA,bed,LuxeSleep Bed,I stylish the LuxeSleep Bed. Great for my bed needs.,positive,
2025-10-23,GB,bed,LuxeSleep Bed,I perfect the LuxeSleep Bed. Great for my bed needs.,positive,
2025-08-25,AE,bed,LuxeSleep Bed,I excellent the LuxeSleep Bed. Great for my bed needs.,positive,
2025-08-08,AU,bed,LuxeSleep Bed,LuxeSleep Bed - dimensions.,neutral,
2025-08-15,IN,bed,LuxeSleep Bed,I happy with the LuxeSleep Bed. Great for my bed needs.,positive,
2025-08-25,US,bed,LuxeSleep Bed,This LuxeSleep Bed is missing parts. Very unhappy.,negative,
2025-10-13,SG,bed,PocketSpring Bed,I comfortable the PocketSpring Bed. Great for my bed needs.,positive,
2025-10-12,US,bed,PocketSpring Bed,I well-made the PocketSpring Bed. Great for my bed needs.,positive,
2025-08-16,CA,bed,PocketSpring Bed,I happy with the PocketSpring Bed. Great for my bed needs.,positive,
2025-08-26,AE,bed,PocketSpring Bed,I high quality the PocketSpring Bed. Great for my bed needs.,positive,
2025-09-19,DE,bed,PocketSpring Bed,I perfect the PocketSpring Bed. Great for my bed needs.,positive,
2025-08-22,ZA,bed,PocketSpring Bed,I best purchase the PocketSpring Bed. Great for my bed needs.,positive,
2025-10-24,ZA,bed,PocketSpring Bed,I well-made the PocketSpring Bed. Great for my bed needs.,positive,
2025-10-09,ZA,bed,PocketSpring Bed,PocketSpring Bed - ordered.,neutral,
2025-10-01,US,bed,PocketSpring Bed,I great the PocketSpring Bed. Great for my bed needs.,positive,
2025-08-20,FR,bed,PocketSpring Bed,I perfect the PocketSpring Bed. Great for my bed needs.,positive,
2025-09-27,IN,chair,ErgoPro Chair,I great the ErgoPro Chair. Great for my chair needs.,positive,
2025-10-11,FR,chair,ErgoPro Chair,This ErgoPro Chair is late delivery. Very unhappy.,negative,
2025-09-04,FR,chair,ErgoPro Chair,I stylish the ErgoPro Chair. Great for my chair needs.,positive,
2025-09-27,IN,chair,ErgoPro Chair,I stylish the ErgoPro Chair. Great for my chair needs.,positive,
2025-09-06,SG,chair,ErgoPro Chair,I perfect the ErgoPro Chair. Great for my chair needs.,positive,
2025-10-16,SG,chair,ErgoPro Chair,ErgoPro Chair - ordered.,neutral,
2025-08-24,ZA,chair,ErgoPro Chair,ErgoPro Chair - dimensions.,neutral,
2025-08-02,AE,chair,ErgoPro Chair,I great the ErgoPro Chair. Great for my chair needs.,positive,
2025-08-06,AE,chair,ErgoPro Chair,I perfect the ErgoPro Chair. Great for my chair needs.,positive,
2025-08-22,CA,chair,ErgoPro Chair,I stylish the ErgoPro Chair. Great for my chair needs.,positive,
2025-09-04,US,chair,GreenSoul Chair,I perfect the GreenSoul Chair. Great for my chair needs.,positive,
2025-08-08,GB,chair,GreenSoul Chair,This GreenSoul Chair is missing parts. Very unhappy.,negative,
2025-09-14,DE,chair,GreenSoul Chair,I love the GreenSoul Chair. Great for my chair needs.,positive,
2025-09-12,DE,chair,GreenSoul Chair,I happy with the GreenSoul Chair. Great for my chair needs.,positive,
2025-10-09,GB,chair,GreenSoul Chair,GreenSoul Chair - ordered.,neutral,
2025-08-22,IN,chair,GreenSoul Chair,GreenSoul Chair - product info.,neutral,
2025-10-11,US,chair,GreenSoul Chair,GreenSoul Chair - color options.,neutral,
2025-10-03,AE,chair,GreenSoul Chair,I great the GreenSoul Chair. Great for my chair needs.,positive,
2025-09-15,IN,chair,GreenSoul Chair,GreenSoul Chair - product info.,neutral,
2025-10-02,GB,chair,GreenSoul Chair,This GreenSoul Chair is worst. Very unhappy.,negative,
2025-10-19,GB,chair,RelaxMate Chair,This RelaxMate Chair is not comfortable. Very unhappy.,negative,
2025-09-18,DE,chair,RelaxMate Chair,RelaxMate Chair - received.,neutral,
2025-08-28,FR,chair,RelaxMate Chair,RelaxMate Chair - dimensions.,neutral,
2025-09-26,CA,chair,RelaxMate Chair,I well-made the RelaxMate Chair. Great for my chair needs.,positive,
2025-09-23,DE,chair,RelaxMate Chair,RelaxMate Chair - delivery update.,neutral,
2025-09-01,AE,chair,RelaxMate Chair,I great the RelaxMate Chair. Great for my chair needs.,positive,
2025-09-20,IN,chair,RelaxMate Chair,I excellent the RelaxMate Chair. Great for my chair needs.,positive,
2025-08-17,AE,chair,RelaxMate Chair,RelaxMate Chair - inquiry.,neutral,
2025-08-05,AU,chair,RelaxMate Chair,I well-made the RelaxMate Chair. Great for my chair needs.,positive,
2025-09-29,FR,chair,RelaxMate Chair,RelaxMate Chair - available.,neutral,
2025-10-20,CA,chair,StudyBuddy Chair,I well-made the StudyBuddy Chair. Great for my chair needs.,positive,
2025-09-01,FR,chair,StudyBuddy Chair,I stylish the StudyBuddy Chair. Great for my chair needs.,positive,
2025-09-06,ZA,chair,StudyBuddy Chair,StudyBuddy Chair - received.,neutral,
2025-09-03,CA,chair,StudyBuddy Chair,This StudyBuddy Chair is worst. Very unhappy.,negative,
2025-08-13,AE,chair,StudyBuddy Chair,I comfortable the StudyBuddy Chair. Great for my chair needs.,positive,
2025-10-05,SG,chair,StudyBuddy Chair,I comfortable the StudyBuddy Chair. Great for my chair needs.,positive,
2025-08-13,GB,chair,StudyBuddy Chair,I best purchase the StudyBuddy Chair. Great for my chair needs.,positive,
2025-10-22,US,chair,StudyBuddy Chair,I high quality the StudyBuddy Chair. Great for my chair needs.,positive,
2025-10-25,IN,chair,StudyBuddy Chair,I perfect the StudyBuddy Chair. Great for my chair needs.,positive,
2025-10-05,SG,chair,StudyBuddy Chair,StudyBuddy Chair - product info.,neutral,
2025-09-13,AE,chair,DiningEase Chair,DiningEase Chair - specs.,neutral,
2025-08-16,CA,chair,DiningEase Chair,I well-made the DiningEase Chair. Great for my chair needs.,positive,
2025-09-21,ZA,chair,DiningEase Chair,I well-made the DiningEase Chair. Great for my chair needs.,positive,
2025-10-29,FR,chair,DiningEase Chair,This DiningEase Chair is worst. Very unhappy.,negative,
2025-09-23,FR,chair,DiningEase Chair,I perfect the DiningEase Chair. Great for my chair needs.,positive,
2025-09-06,DE,chair,DiningEase Chair,DiningEase Chair - inquiry.,neutral,
2025-08-04,AU,chair,DiningEase Chair,I high quality the DiningEase Chair. Great for my chair needs.,positive,
2025-10-22,SG,chair,DiningEase Chair,I love the DiningEase Chair. Great for my chair needs.,positive,
2025-08-28,FR,chair,DiningEase Chair,I well-made the DiningEase Chair. Great for my chair needs.,positive,
2025-10-14,FR,chair,DiningEase Chair,I excellent the DiningEase Chair. Great for my chair needs.,positive,
2025-10-20,GB,chair,OfficeKing Chair,OfficeKing Chair - delivery update.,neutral,
2025-08-19,DE,chair,OfficeKing Chair,OfficeKing Chair - dimensions.,neutral,
2025-10-15,AE,chair,OfficeKing Chair,I high quality the OfficeKing Chair. Great for my chair needs.,positive,
2025-10-03,AE,chair,OfficeKing Chair,I great the OfficeKing Chair. Great for my chair needs.,positive,
2025-09-19,US,chair,OfficeKing Chair,I well-made the OfficeKing Chair. Great for my chair needs.,positive,
2025-10-24,IN,chair,OfficeKing Chair,OfficeKing Chair - received.,neutral,
2025-10-19,IN,chair,OfficeKing Chair,This OfficeKing Chair is broken. Very unhappy.,negative,
2025-09-03,AU,chair,OfficeKing Chair,I comfortable the OfficeKing Chair. Great for my chair needs.,positive,
2025-08-01,CA,chair,OfficeKing Chair,OfficeKing Chair - ordered.,neutral,
2025-09-03,ZA,chair,OfficeKing Chair,I best purchase the OfficeKing Chair. Great for my chair needs.,positive,
2025-09-09,IN,chair,PosturePlus Chair,I love the PosturePlus Chair. Great for my chair needs.,positive,
2025-08-19,DE,chair,PosturePlus Chair,I stylish the PosturePlus Chair. Great for my chair needs.,positive,
2025-09-29,DE,chair,PosturePlus Chair,I perfect the PosturePlus Chair. Great for my chair needs.,positive,
2025-10-01,US,chair,PosturePlus Chair,I stylish the PosturePlus Chair. Great for my chair needs.,positive,
2025-08-12,AE,chair,PosturePlus Chair,I well-made the PosturePlus Chair. Great for my chair needs.,positive,
2025-09-12,SG,chair,PosturePlus Chair,This PosturePlus Chair is cheap. Very unhappy.,negative,
2025-08-16,AU,chair,PosturePlus Chair,This PosturePlus Chair is worst. Very unhappy.,negative,
2025-10-09,US,chair,PosturePlus Chair,I great the PosturePlus Chair. Great for my chair needs.,positive,
2025-08-31,FR,chair,PosturePlus Chair,I happy with the PosturePlus Chair. Great for my chair needs.,positive,
2025-08-28,IN,chair,PosturePlus Chair,This PosturePlus Chair is broken. Very unhappy.,negative,
2025-10-20,SG,chair,QuickSit Chair,I stylish the QuickSit Chair. Great for my chair needs.,positive,
2025-08-22,DE,chair,QuickSit Chair,I great the QuickSit Chair. Great for my chair needs.,positive,
2025-10-19,ZA,chair,QuickSit Chair,I happy with the QuickSit Chair. Great for my chair needs.,positive,
2025-09-13,AU,chair,QuickSit Chair,I stylish the QuickSit Chair. Great for my chair needs.,positive,
2025-09-16,AE,chair,QuickSit Chair,QuickSit Chair - available.,neutral,
2025-08-18,GB,chair,QuickSit Chair,I comfortable the QuickSit Chair. Great for my chair needs.,positive,
2025-09-12,US,chair,QuickSit Chair,I perfect the QuickSit Chair. Great for my chair needs.,positive,
2025-08-29,AE,chair,QuickSit Chair,I perfect the QuickSit Chair. Great for my chair needs.,positive,
2025-08-07,FR,chair,QuickSit Chair,This QuickSit Chair is worst. Very unhappy.,negative,
2025-08-26,AE,chair,QuickSit Chair,I great the QuickSit Chair. Great for my chair needs.,positive,
2025-08-21,IN,chair,ComfyDining Chair,I perfect the ComfyDining Chair. Great for my chair needs.,positive,
2025-08-09,IN,chair,ComfyDining Chair,This ComfyDining Chair is broken. Very unhappy.,negative,
2025-08-25,ZA,chair,ComfyDining Chair,This ComfyDining Chair is late delivery. Very unhappy.,negative,
2025-09-04,IN,chair,ComfyDining Chair,ComfyDining Chair - dimensions.,neutral,
2025-08-21,AU,chair,ComfyDining Chair,ComfyDining Chair - available.,neutral,
2025-09-01,CA,chair,ComfyDining Chair,This ComfyDining Chair is late delivery. Very unhappy.,negative,
2025-10-04,FR,chair,ComfyDining Chair,This ComfyDining Chair is disappointing. Very unhappy.,negative,
2025-08-17,ZA,chair,ComfyDining Chair,I excellent the ComfyDining Chair. Great for my chair needs.,positive,
2025-09-09,AU,chair,ComfyDining Chair,ComfyDining Chair - dimensions.,neutral,
2025-08-30,FR,chair,ComfyDining Chair,I comfortable the ComfyDining Chair. Great for my chair needs.,positive,
2025-10-20,FR,chair,StackIt Chair,I high quality the StackIt Chair. Great for my chair needs.,positive,
2025-10-07,CA,chair,StackIt Chair,I excellent the StackIt Chair. Great for my chair needs.,positive,
2025-08-12,AE,chair,StackIt Chair,This StackIt Chair is poor quality. Very unhappy.,negative,
2025-09-16,US,chair,StackIt Chair,I best purchase the StackIt Chair. Great for my chair needs.,positive,
2025-10-08,DE,chair,StackIt Chair,I great the StackIt Chair. Great for my chair needs.,positive,
2025-10-18,CA,chair,StackIt Chair,I well-made the StackIt Chair. Great for my chair needs.,positive,
2025-09-01,GB,chair,StackIt Chair,StackIt Chair - received.,neutral,
2025-09-06,ZA,chair,StackIt Chair,I love the StackIt Chair. Great for my chair needs.,positive,
2025-10-07,US,chair,StackIt Chair,I high quality the StackIt Chair. Great for my chair needs.,positive,
2025-10-29,AE,chair,StackIt Chair,StackIt Chair - dimensions.,neutral,
2025-08-20,US,table,StudySleek Table,I love the StudySleek Table. Great for my table needs.,positive,
2025-08-30,ZA,table,StudySleek Table,I happy with the StudySleek Table. Great for my table needs.,positive,
2025-10-01,CA,table,StudySleek Table,StudySleek Table - price.,neutral,
2025-10-10,AE,table,StudySleek Table,This StudySleek Table is poor quality. Very unhappy.,negative,
2025-09-18,SG,table,StudySleek Table,I stylish the StudySleek Table. Great for my table needs.,positive,
2025-10-06,US,table,StudySleek Table,This StudySleek Table is worst. Very unhappy.,negative,
2025-09-16,FR,table,StudySleek Table,I best purchase the StudySleek Table. Great for my table needs.,positive,
2025-08-31,AE,table,StudySleek Table,I love the StudySleek Table. Great for my table needs.,positive,
2025-07-31,US,table,StudySleek Table,StudySleek Table - delivery update.,neutral,
2025-08-15,IN,table,StudySleek Table,I best purchase the StudySleek Table. Great for my table needs.,positive,
2025-09-02,SG,table,CoffeeCraft Table,CoffeeCraft Table - received.,neutral,
2025-09-11,SG,table,CoffeeCraft Table,I stylish the CoffeeCraft Table. Great for my table needs.,positive,
2025-09-26,DE,table,CoffeeCraft Table,I excellent the CoffeeCraft Table. Great for my table needs.,positive,
2025-09-03,DE,table,CoffeeCraft Table,CoffeeCraft Table - ordered.,neutral,
2025-10-10,SG,table,CoffeeCraft Table,CoffeeCraft Table - price.,neutral,
2025-08-27,GB,table,CoffeeCraft Table,CoffeeCraft Table - ordered.,neutral,
2025-10-28,AU,table,CoffeeCraft Table,I best purchase the CoffeeCraft Table. Great for my table needs.,positive,
2025-08-28,CA,table,CoffeeCraft Table,CoffeeCraft Table - ordered.,neutral,
2025-10-24,FR,table,CoffeeCraft Table,This CoffeeCraft Table is broken. Very unhappy.,negative,
2025-10-14,GB,table,CoffeeCraft Table,This CoffeeCraft Table is cheap. Very unhappy.,negative,
2025-10-21,GB,table,DinnerDelight Table,I great the DinnerDelight Table. Great for my table needs.,positive,
2025-09-14,FR,table,DinnerDelight Table,I great the DinnerDelight Table. Great for my table needs.,positive,
2025-09-06,AU,table,DinnerDelight Table,I comfortable the DinnerDelight Table. Great for my table needs.,positive,
2025-08-21,IN,table,DinnerDelight Table,I excellent the DinnerDelight Table. Great for my table needs.,positive,
2025-08-28,CA,table,DinnerDelight Table,I love the DinnerDelight Table. Great for my table needs.,positive,
2025-08-21,ZA,table,DinnerDelight Table,DinnerDelight Table - inquiry.,neutral,
2025-09-20,AE,table,DinnerDelight Table,I love the DinnerDelight Table. Great for my table needs.,positive,
2025-10-13,GB,table,DinnerDelight Table,This DinnerDelight Table is missing parts. Very unhappy.,negative,
2025-10-19,DE,table,DinnerDelight Table,I excellent the DinnerDelight Table. Great for my table needs.,positive,
2025-08-01,DE,table,DinnerDelight Table,This DinnerDelight Table is worst. Very unhappy.,negative,
2025-10-21,FR,table,CraftWork Table,CraftWork Table - color options.,neutral,
2025-08-05,SG,table,CraftWork Table,This CraftWork Table is bad. Very unhappy.,negative,
2025-08-17,US,table,CraftWork Table,This CraftWork Table is worst. Very unhappy.,negative,
2025-10-29,IN,table,CraftWork Table,CraftWork Table - dimensions.,neutral,
2025-08-23,GB,table,CraftWork Table,I great the CraftWork Table. Great for my table needs.,positive,
2025-10-11,AU,table,CraftWork Table,I comfortable the CraftWork Table. Great for my table needs.,positive,
2025-08-20,IN,table,CraftWork Table,I stylish the CraftWork Table. Great for my table needs.,positive,
2025-10-01,AU,table,CraftWork Table,I stylish the CraftWork Table. Great for my table needs.,positive,
2025-08-21,DE,table,CraftWork Table,CraftWork Table - specs.,neutral,
2025-08-16,ZA,table,CraftWork Table,CraftWork Table - inquiry.,neutral,
2025-09-01,AU,table,MultiFold Table,This MultiFold Table is bad. Very unhappy.,negative,
2025-10-25,AU,table,MultiFold Table,I best purchase the MultiFold Table. Great for my table needs.,positive,
2025-10-26,SG,table,MultiFold Table,I perfect the MultiFold Table. Great for my table needs.,positive,
2025-08-23,CA,table,MultiFold Table,I excellent the MultiFold Table. Great for my table needs.,positive,
2025-08-27,AU,table,MultiFold Table,MultiFold Table - received.,neutral,
2025-09-18,SG,table,MultiFold Table,MultiFold Table - dimensions.,neutral,
2025-10-18,GB,table,MultiFold Table,I best purchase the MultiFold Table. Great for my table needs.,positive,
2025-07-31,DE,table,MultiFold Table,This MultiFold Table is broken. Very unhappy.,negative,
2025-08-09,ZA,table,MultiFold Table,I comfortable the MultiFold Table. Great for my table needs.,positive,
2025-10-15,SG,table,MultiFold Table,MultiFold Table - ordered.,neutral,
2025-10-25,GB,table,FamilyTable Table,This FamilyTable Table is late delivery. Very unhappy.,negative,
2025-09-07,GB,table,FamilyTable Table,I happy with the FamilyTable Table. Great for my table needs.,positive,
2025-10-19,ZA,table,FamilyTable Table,I stylish the FamilyTable Table. Great for my table needs.,positive,
2025-10-20,GB,table,FamilyTable Table,I perfect the FamilyTable Table. Great for my table needs.,positive,
2025-10-07,AU,table,FamilyTable Table,I high quality the FamilyTable Table. Great for my table needs.,positive,
2025-10-17,IN,table,FamilyTable Table,I comfortable the FamilyTable Table. Great for my table needs.,positive,
2025-09-29,DE,table,FamilyTable Table,FamilyTable Table - ordered.,neutral,
2025-09-23,DE,table,FamilyTable Table,FamilyTable Table - color options.,neutral,
2025-09-13,FR,table,FamilyTable Table,I high quality the FamilyTable Table. Great for my table needs.,positive,
2025-10-29,ZA,table,FamilyTable Table,I high quality the FamilyTable Table. Great for my table needs.,positive,
2025-09-25,DE,table,CompactDesk Table,CompactDesk Table - received.,neutral,
2025-10-26,AU,table,CompactDesk Table,I great the CompactDesk Table. Great for my table needs.,positive,
2025-08-16,ZA,table,CompactDesk Table,I best purchase the CompactDesk Table. Great for my table needs.,positive,
2025-10-29,SG,table,CompactDesk Table,I well-made the CompactDesk Table. Great for my table needs.,positive,
2025-09-25,ZA,table,CompactDesk Table,I well-made the CompactDesk Table. Great for my table needs.,positive,
2025-10-05,SG,table,CompactDesk Table,I best purchase the CompactDesk Table. Great for my table needs.,positive,
2025-10-03,CA,table,CompactDesk Table,CompactDesk Table - price.,neutral,
2025-10-14,AU,table,CompactDesk Table,I well-made the CompactDesk Table. Great for my table needs.,positive,
2025-09-27,ZA,table,CompactDesk Table,I well-made the CompactDesk Table. Great for my table needs.,positive,
2025-09-06,CA,table,CompactDesk Table,CompactDesk Table - price.,neutral,
2025-10-21,AU,table,RusticWood Table,This RusticWood Table is not comfortable. Very unhappy.,negative,
2025-09-28,GB,table,RusticWood Table,I great the RusticWood Table. Great for my table needs.,positive,
2025-10-05,DE,table,RusticWood Table,RusticWood Table - color options.,neutral,
2025-10-25,CA,table,RusticWood Table,I best purchase the RusticWood Table. Great for my table needs.,positive,
2025-08-19,US,table,RusticWood Table,I comfortable the RusticWood Table. Great for my table needs.,positive,
2025-10-05,ZA,table,RusticWood Table,I best purchase the RusticWood Table. Great for my table needs.,positive,
2025-08-03,ZA,table,RusticWood Table,RusticWood Table - price.,neutral,
2025-10-24,ZA,table,RusticWood Table,This RusticWood Table is missing parts. Very unhappy.,negative,
2025-10-13,AE,table,RusticWood Table,I comfortable the RusticWood Table. Great for my table needs.,positive,
2025-09-19,CA,table,RusticWood Table,RusticWood Table - ordered.,neutral,
2025-09-13,SG,table,ClearSpace Table,I perfect the ClearSpace Table. Great for my table needs.,positive,
2025-09-21,AE,table,ClearSpace Table,This ClearSpace Table is not comfortable. Very unhappy.,negative,
2025-09-17,GB,table,ClearSpace Table,ClearSpace Table - available.,neutral,
2025-08-06,US,table,ClearSpace Table,I excellent the ClearSpace Table. Great for my table needs.,positive,
2025-08-16,AE,table,ClearSpace Table,I excellent the ClearSpace Table. Great for my table needs.,positive,
2025-08-29,ZA,table,ClearSpace Table,I well-made the ClearSpace Table. Great for my table needs.,positive,
2025-10-28,US,table,ClearSpace Table,This ClearSpace Table is bad. Very unhappy.,negative,
2025-09-09,ZA,table,ClearSpace Table,ClearSpace Table - delivery update.,neutral,
2025-10-19,GB,table,ClearSpace Table,I great the ClearSpace Table. Great for my table needs.,positive,
2025-09-03,AU,table,ClearSpace Table,I excellent the ClearSpace Table. Great for my table needs.,positive,
2025-08-31,SG,table,Minimalist Table,This Minimalist Table is not comfortable. Very unhappy.,negative,
2025-10-04,SG,table,Minimalist Table,I stylish the Minimalist Table. Great for my table needs.,positive,
2025-09-03,GB,table,Minimalist Table,I love the Minimalist Table. Great for my table needs.,positive,
2025-10-07,CA,table,Minimalist Table,I comfortable the Minimalist Table. Great for my table needs.,positive,
2025-09-26,SG,table,Minimalist Table,Minimalist Table - received.,neutral,
2025-10-23,ZA,table,Minimalist Table,I comfortable the Minimalist Table. Great for my table needs.,positive,
2025-08-31,US,table,Minimalist Table,Minimalist Table - price.,neutral,
2025-10-20,GB,table,Minimalist Table,I comfortable the Minimalist Table. Great for my table needs.,positive,
2025-10-14,DE,table,Minimalist Table,This Minimalist Table is late delivery. Very unhappy.,negative,
2025-09-23,AU,table,Minimalist Table,Minimalist Table - received.,neutral,
2025-10-29 12:32:22+00:00,unknown,chair,chair,"Coming on Saturday, episode 2 of The Biographer's Chair podcast with guest @andrewlownie chatting about the new revelations  - I think we could have a regular show with the amount of news #royalty #princeandrew #epstein #sarahferguson #fergie #royalfamily https://t.co/gQ08Dhj10K",,neutral
2025-10-29 12:32:19+00:00,unknown,chair,chair,Think I might look really stupid scratching my back with the back of my chair &gt;.&gt;,,negative
2025-10-29 12:32:18+00:00,unknown,chair,chair,"@NEWSMAX House Oversight Committee Chair James Comer is urging the Justice Department to investigate President Biden's use of autopen for key decisions, questioning his mental fitness and the validity of the actions taken.¬π",,neutral
2025-10-29 12:32:06+00:00,unknown,chair,chair,@DereleenJ Cele asked chair to give you more minutes,,positive
2025-10-29 12:31:55+00:00,unknown,chair,chair,"@ahmednasirlaw My thinking too,if the remandee was a black person currently he would be on a wheel chair or   his balls being fried this evening.",,neutral
2025-10-29 12:31:50+00:00,unknown,chair,chair,"FNB Lesotho‚Äôs Head of Legal, Ms. Mojabeng Matsau, will be moderating the Metropolitan Research Chair‚Äôs 9th Roundtable Discussion on Friday, 31 October at 10:00 AM.

Don‚Äôt miss this engaging virtual session, join the discussion via the link below. https://t.co/xZoTnccyTw https://t.co/x2XwBJCfrL",,positive
2025-10-29 12:31:37+00:00,unknown,chair,chair,"Rahul Gandhi should refrain from making personal derogatory remarks against PM Modi and show respect towards the Prime Minister‚Äôs chair - Locals of Sakra, Bihar

https://t.co/dbBC2bkINW",,neutral
2025-10-29 12:31:14+00:00,unknown,chair,chair,"638973378744935601_182üêÆI point the stars to my grandma‚Äôs old chair, sky so bare, no more chairü™Ä",,neutral
2025-10-29 12:31:13+00:00,unknown,chair,chair,@cjrs_cuck_chair @marcorandazza @karenreadi52238 His wife @cagoldberglaw took a case against Amazon after Amazon sold ‚Äúsuicide kits‚Äù to kids. Ppl have been praising her for taking on such an important case but it‚Äôs clear she doesn‚Äôt give a shit about the kids who died. She‚Äôs just there for a paycheck. She‚Äôd let poor kids die,,neutral
2025-10-29 12:31:12+00:00,unknown,chair,chair,"üî™Read a children‚Äôs book, draw a picture of the main character.üìÅBlanket on chair, relax and sincere.ü§πChicken coops house feathered fowl.",,positive
2025-10-29 12:31:12+00:00,unknown,chair,chair,"Stepping On Social: Join us at our weekly chair supported exercise class, followed by refreshments and socialisation.
#ChairBasedExercise #ChairSupportedExercise #LetsEndLoneliness #OlderPeople #StocktononTees #SteppingOnSocial #DementiaFriendly #FallsPrevention https://t.co/CkawjP37iI",,neutral
2025-10-29 12:31:09+00:00,unknown,chair,chair,"@PoliticalStacy The chair she's sitting on is going to be a ""SNAP!"" recipient.",,neutral
2025-10-29 12:31:07+00:00,unknown,chair,chair,"""I've had my eyes open to their work and found it really interesting.""

Yesterday, MPs had the chance to meet our new Ombudsman, Paula Sussex. Dr Simon Ophur, Chair of the APPG for Health, shares what he learnt.

Keep an eye on our website for details of future events. https://t.co/Xfu90yW1Jb",,positive
2025-10-29 12:31:04+00:00,unknown,chair,chair,"Source: The Hill
 https://t.co/TUXYI1z6pw",,neutral
2025-10-29 12:31:03+00:00,unknown,chair,chair,"@CKinyae @JaneFKyalo So what is @GovernorKahiga gaining by losing Deputy Chair Council of Governors plus likely impeachment from this far fetched correlation? If he gets impeached,politically he is finished.",,neutral
2025-10-29 12:30:56+00:00,unknown,chair,chair,@reddit_lies @alexisohanian check this out when you get out of your cuck chair,,neutral
2025-10-29 12:30:51+00:00,unknown,chair,chair,"ü•ΩMorning stretch, work.üé∏A chair sags, where bodies have sat and lingered for years.ü©≥",,neutral
2025-10-29 12:30:50+00:00,unknown,chair,chair,@Thebigsoll Make your epon just go nack that chair https://t.co/s71zrg2xqT,,neutral
2025-10-29 12:30:44+00:00,unknown,chair,chair,"@LaunchPass Notifications on 
@0homelandersol @_skillz9 
I'm getting the Ergonomic chair if I win
Make this dream come true https://t.co/Zbjpa0kzs3",,positive
2025-10-29 12:30:38+00:00,unknown,chair,chair,"@Tarfu This has to be engagement trolling; no one would admit to writing the Fraud program at Twitch, the service whose headliner‚Äîhasanabi‚Äîfamously chair casts when he‚Äôs not shocking his dog.",,positive
2025-10-29 12:30:27+00:00,unknown,chair,chair,"üìåRead a book while sitting in a chair‚Äîso peaceful.üöäDarts fly, toward the target board.üåûIced yogurt, granola and sincere.",,positive
2025-10-29 12:30:25+00:00,unknown,chair,chair,"üï∏Night stars, shine.üç≠A chair is on the deck, for relaxing.ü§º‚Äç‚ôÇÔ∏è",,neutral
2025-10-29 12:30:23+00:00,unknown,chair,chair,"Are you looking to upgrade your current office chair?

Check out our website, where we have plenty of comfortable chairs at great prices!
Or visit our showroom and try out our best selling chairs.

https://www.busi https://t.co/XN0Htm9m2Z https://t.co/MT3eJ3s75u",,positive
2025-10-29 12:30:20+00:00,unknown,chair,chair,"UWS appoints new Chair of Court 

https://t.co/VSk9CI8ykK

#HighGrowthScotland #BusinessNews #Scotland #UnionMedia https://t.co/eICQWziMKq",,positive
2025-10-29 12:30:15+00:00,unknown,chair,chair,I was gripping my chair. So weak for that deep whispery voice like what https://t.co/zigPc53yvb,,neutral
2025-10-29 12:30:13+00:00,unknown,chair,chair,"üò≠ Why did THIS chair end up becoming the celebrity of furniture?
------------
üëã Class of 2028, if you want investment banking‚Ä¶ you need to start early

üí° WSO Academy gives you the roadmap + mentorship from real Wall Street pros

üöÄ Thousands already landed offers! üî• Your https://t.co/QCrVwovlyL",,positive
2025-10-29 12:30:11+00:00,unknown,chair,chair,"some dissembly required 

 Tab A fits slot B. 
 Wait, scratched surface and bad screw ... 
 Chair goes to pieces. 

 #haikuhumpday #haiku #poetry https://t.co/y11oNp7Djq",,negative
2025-10-29 12:30:08+00:00,unknown,chair,chair,"@yourfriendSOMMI Sommi for Fed Chair!! You have my vote, sir!",,neutral
2025-10-29 12:30:06+00:00,unknown,chair,chair,Former US SEC Chair Gary Gensler has reiterated Bi https://t.co/lGhgq2i0AX,,neutral
2025-10-29 12:30:03+00:00,unknown,chair,chair,@0xWenMoon Imagine you woke up at home and there was this guy in your chair,,neutral
2025-10-29 12:30:03+00:00,unknown,chair,chair,üîî DNC Chair Ken Martin Reacts to Trump‚Äôs Disaster Shutdown  https://t.co/fqek6qVE6n,,neutral
2025-10-29 12:30:01+00:00,unknown,chair,chair,"üë®‚Äç‚ù§Ô∏è‚Äçüë®Chocolate bar, sweet.üö§A chair is in the room, with a wooden frame.üçâ",,neutral
2025-10-29 12:30:00+00:00,unknown,chair,chair,"üí¨üá∞üá∑ Dr. Sangmin Seo, chair of the Kaia DLT Foundation, criticized South Korea‚Äôs plan to let only banks issue won-based stablecoins, calling the approach ‚Äúillogical.‚Äù 
#SouthKorea #Stablecoin #CryptoNews https://t.co/uoRYlru0SN",,neutral
2025-10-29 12:29:58+00:00,unknown,chair,chair,"Dead on my feet.  
9-to-9 grind, emails breeding like roaches, deadlines gnawing bones.  
Chair-shaped scars on my soul.  
Clock ticks louder than my pulse.  
Still typing.",,negative
2025-10-29 12:29:37+00:00,unknown,chair,chair,Fucking demon probably burned a hole in his chair. https://t.co/Zma3EF2wNq,,negative
2025-10-29 12:29:37+00:00,unknown,chair,chair,"@_mattstock_ In college, I made the acquaintance by involuntary hiring of a precinct chair libertarian who hosted a local public access program and yes this is a real thing, and she decided I was an ok enough Catholic to see if I knew about the connection between Rome and the Bilderbergers.",,positive
2025-10-29 12:29:33+00:00,unknown,chair,chair,@bitcoinlfgo Imagine firing the Fed chair and hiring Bitcoin instead.,,neutral
2025-10-29 12:29:21+00:00,unknown,chair,chair,@danfornace @austonbackwards @mechhigh CLAIREN WITH THE STEEL CHAIR,,neutral
2025-10-29 12:29:09+00:00,unknown,chair,chair,"@EricLDaugh @Timcast Lectures on poverty from a leather bound chair, in a climate control car clothed in a designer outfit......",,neutral
2025-10-29 12:28:57+00:00,unknown,chair,chair,Khawaja asif sits on the biggest cuck chair in all of pakistan. https://t.co/bXrCzWLFxK,,neutral
2025-10-29 12:28:56+00:00,unknown,chair,chair,"Annie Ballard Lienemann traded her teacher‚Äôs whiteboard for production support ‚Äî now she‚Äôs the ‚Äúglue‚Äù of Quality Engineering and vice chair of Toyota Indiana‚Äôs Young Professionals business partnering group, balancing work, community and... #ToyotaEmployee https://t.co/onpX8ZL0Fm https://t.co/Sq4G3EJ2d4",,neutral
2025-10-29 12:28:45+00:00,unknown,chair,chair,"@odesanmijamal_ I sell  the Gaming chairs  and Table 
Different colours are available too 
Black and white
Black and red
Full black 
Black and blue 
Pink and white 

190k (Gaming chair)
180k (Automatic table)
Location Bonsac ASABA DELTA STATE 
Call us on 07026167045
Delivery Nationwide üíØ üíØ https://t.co/LY7rFk52Cn",,neutral
2025-10-29 12:28:40+00:00,unknown,chair,chair,@jeammynie full package pati chair huhu,,positive
2025-10-29 12:28:22+00:00,unknown,chair,chair,"GM Legends

Are you this down bad, or you've still got a chair? https://t.co/APunZLvPII",,negative
2025-10-29 12:28:11+00:00,unknown,chair,chair,"@tedcruz Are we really following anything Ted Lying Cruz says? With his history of being a pathological liar? It looks like they're waving goodbye, you daft cunt. They're not supported by AIPAC and Israel like you, ya fucking traitor! You should be put to the chair for accepting Aipac",,negative
2025-10-29 12:28:08+00:00,unknown,chair,chair,"@EdKrassen Liar!
he was arrested because he intervened and assaulted agents.  
   Not quite your lovable angel law abiding HS student, just on his way to school.  Bam, nobody expects a Spanish Inquisition.  Bring him the ‚Äúcomfy‚Äù chair the agent sneers.
  Don‚Äôt mislead the gullible publicüòà",,positive
2025-10-29 12:28:05+00:00,unknown,chair,chair,"As the 2025 chair of State Bar of Michigan‚Äôs Representative Assembly, she's working to both improve access to justice and ensure that everyone entering a court is treated with dignity and respect.",,neutral
2025-10-29 12:28:05+00:00,unknown,chair,chair,"As the 2025 chair of State Bar of Michigan‚Äôs Representative Assembly, Nicole Evans is working to improve access to justice and ensure that everyone entering a court is treated with dignity and respect. 

#statebarofmichigan #michiganlawyers #michiganbarjournal https://t.co/PHcAjWD8jr",,neutral
2025-10-29 12:28:04+00:00,unknown,chair,chair,@babyporowo @babyporooce the chair squeaked‚Ä¶ but i swear it wasn‚Äôt the chair üòà https://t.co/9L8fmpBcnY,,neutral
2025-10-29 12:28:04+00:00,unknown,chair,chair,"üòôSat on chair drink tea warm charm no harm.üìôPractices grow, peace deepens. More.üò´Seasons rest, preparations start. Again.",,positive
2025-10-29 12:27:51+00:00,unknown,chair,chair,@LullabyWeb3 gm gm Lullaby remember to stretch or you‚Äôll fossilize in your chair like a startup-era relic ü´∂,,neutral
2025-10-29 12:27:43+00:00,unknown,chair,chair,Maybe i should tied you on the chair,,neutral
2025-10-29 12:27:25+00:00,unknown,chair,chair,"@hill_jowett Same energy here. It‚Äôs my chair, but if I get up for a second, it‚Äôs his chair now. https://t.co/YnNYEPFzPN",,neutral
2025-10-29 12:27:21+00:00,unknown,chair,chair,Former Mermaids chair wears T-shirt backing Palestine Action https://t.co/wTu78aNstW,,neutral
2025-10-29 12:27:21+00:00,unknown,chair,chair,Former Mermaids chair wears T-shirt backing Palestine Action https://t.co/edLD97vUFH,,neutral
2025-10-29 12:27:09+00:00,unknown,chair,chair,"2/4: The Economic Schedule ‚è∞

The Bank of Canada üá®üá¶ (#BoC) decision starts the day, but the Fed Chair Powell presser is the most crucial event for global rates and the #USD.  

#SuperWednesday #FOMC #BigTech #StockMarket 
#Mag7 #Earnings #AIStock #FederalReserve #jeromepowell https://t.co/NZ6Mmsa9qr",,positive
2025-10-29 12:27:07+00:00,unknown,chair,chair,"ü•êWicker chair, cool tea, half-book‚Äîsummer says goodnight.üêáLove deeply, heart fuller. Live.üåìTrains delay, due to the storm.",,neutral
2025-10-29 12:26:59+00:00,unknown,chair,chair,"an item on miu's throne wishlist just got fully funded: Costzon Kids Couch, Double Seat Pink Children's Sofa with 2 Strawberry Pillows, Toddler Armrest Chair for Bedroom, Living Room, Large Soft . thank you so muchh bwa bwaa~ https://t.co/v20D3B0WiB 
Íí∞ #Vtuber #Throne Íí± https://t.co/mvABFT8tqF",,neutral
2025-10-29 12:26:58+00:00,unknown,chair,chair,"miu jus recieved a contribution towards Costzon Kids Couch, Double Seat Pink Children's Sofa with 2 Strawberry Pillows, Toddler Armrest Chair for Bedroom, Living Room from nerdyzilla01 via throne. thank you so muchh bwa bwaa~ https://t.co/v20D3B0WiB 
Íí∞ #Vtuber #Throne Íí± https://t.co/rMJdm4aXTS",,neutral
2025-10-29 12:26:57+00:00,unknown,chair,chair,"@fesshole Guarantee you‚Äôre pushing 40, hair thinning, Johnson doesn‚Äôt work like it used to. Now this is how you get some sort of enjoyment out of your life - would also fold like a lawn chair if actually confronted by anyone",,neutral
2025-10-29 12:26:54+00:00,unknown,chair,chair,NSS  day 2 Hermer and Jones. What becomes perfectly clear to me is that the chair and the panel (of very eminent people Lords Dames Judges) all of them are sceptical as to the answers they‚Äôre getting or not getting. @NeilDotObrien @KemiBadenoch @clarescastle  @RobertJenrick,,positive
2025-10-29 12:26:47+00:00,unknown,chair,chair,"@realMaalouf Nope, taped to a chair and off the 7th floor they‚Äôll go",,neutral
2025-10-29 12:26:30+00:00,unknown,chair,chair,"@Matt_Pinner That's the Whoops, look who fell asleep in the barber chair.",,neutral
2025-10-29 12:26:24+00:00,unknown,chair,chair,I kept your shirt on my chair like something was still alive,,neutral
2025-10-29 12:26:20+00:00,unknown,chair,chair,@Softykjr @almnjhgr7 @mikalicious0 Cuck chair ü™ë,,neutral
2025-10-29 12:26:11+00:00,unknown,chair,chair,"SERWALL Folding Adirondack Chair for $99.26!!

https://t.co/dNtIRrUSaV

#Ad #Deals

Image credit: Amazon https://t.co/cse0WHbohJ",,neutral
2025-10-29 12:26:03+00:00,unknown,chair,chair,"@Namzzy123 masha ‡§Ö‡§≤‡•ç‡§≤‡§æ‡§π 

I launched my childhood career from my grandpa‚Äôs boss-chair with a calculator in hand.",,neutral
2025-10-29 12:26:00+00:00,unknown,chair,chair,"@OpStCyprian You know St Cyprian was a Catholic, right?
""There is one God, and Christ is one, and there is one Church, and one chair founded upon the rock by the word of the Lord. Another altar cannot be constituted nor a new priesthood be made, except the one altar and the one priesthood.""",,positive
2025-10-29 12:25:58+00:00,unknown,chair,chair,"3/
The Audience Takes the Director‚Äôs Chair

With $FFG, viewers become decision-makers. Holders vote on scripts, casting, and storylines, even shape plots live. 

This isn‚Äôt passive watching; it‚Äôs active creation. The crowd drives the story, and $FFG makes it possible.",,neutral
2025-10-29 12:25:50+00:00,unknown,chair,chair,"‚úèIced yogurt, creamy.üß®Blanket on chair, wait.üë©‚Äç‚ù§Ô∏è‚Äçüíã‚Äçüë®Cookie warm, eat.",,positive
2025-10-29 12:25:48+00:00,unknown,chair,chair,"This scene was absolutely brilliant. Vee leaned back in his chair the entire time, deliberately keeping his distance from the doctor, showing rejection, coldness, and resistance. Even after the doctor left, he tried hard to hide his sadnessÔºåuntil the tears finally fell.
#MANDATE https://t.co/IxpktfEgRe",,positive
2025-10-29 12:25:48+00:00,unknown,chair,chair,"#MaritimeLeadersConclave
PM Modi will chair the Global Maritime CEO Forum at India Maritime Week 2025, bringing global leaders together to shape the future of maritime growth. 
via NaMo App",,neutral
2025-10-29 12:25:45+00:00,unknown,chair,chair,"Not a cuck chair, a fuck chair https://t.co/RvzzL1kBSd",,negative
2025-10-29 12:25:44+00:00,unknown,chair,chair,@TheOGfantasy Theo how much did KC pay Hunt to come in from his lazyboy chair and fishing on weekends to score 3 yd Tds?,,positive
2025-10-29 12:25:27+00:00,unknown,chair,chair,@jimcramer @nvidia We have the same chairüòÇüòÇ,,neutral
2025-10-29 12:25:17+00:00,unknown,chair,chair,"üíöA chair is in the room, for sitting.‚úèFriend‚Äôs joke. Sad day. Laughs come.üê∫Listening time, others heard. Fully.",,negative
2025-10-29 12:25:10+00:00,unknown,chair,chair,@P83YQ8W6 @laurabr33 @InternetH0F There wasn't a single insult directed at the woman in the chair. Only at the good people of Tiajuana.,,positive
2025-10-29 12:25:07+00:00,unknown,chair,chair,"@DBeck57030037 @shorts975084 And so? Cannone made 2 correct rulings on minor points across 2 lengthy trials, you think that cancels out the other 100s of biased decisions she made in her self-appointed role as 1st chair for the prosecution?

As they say, even a stopped clock....",,neutral
2025-10-29 12:25:05+00:00,unknown,chair,chair,@ShaykhSulaiman The chair.,,neutral
2025-10-29 12:25:00+00:00,unknown,chair,chair,@0xWenMoon Ansem on cuck chair lmaooo,,neutral
2025-10-29 12:24:59+00:00,unknown,chair,chair,"@TocitMetaX You have a point.  For me, it would be the wrists and the pain from sitting too long in the desk chair. üò¢",,neutral
2025-10-29 12:24:56+00:00,unknown,chair,chair,"[READ üóûÔ∏è]

@SongezoZibi, chair of Parliament‚Äôs Standing Committee on Public Accounts (#SCOPA), emphasises that a ‚Äúbroken RAF‚Äù has led to dire consequences for accident victims.

Read article here: https://t.co/wPBJM5tC0I

#RISEInParliament",,negative
2025-10-29 12:24:46+00:00,unknown,chair,chair,Former US SEC Chair Gary Gensler has reiterated Bi https://t.co/qxcwbszQfc,,neutral
2025-10-29 12:24:44+00:00,unknown,chair,chair,"#MaritimeLeadersConclave
PM Modi is set to address the Maritime Leaders Conclave and chair the Global Maritime CEO Forum at India Maritime Week 2025 in Mumbai. 
via NaMo App",,neutral
2025-10-29 12:24:43+00:00,unknown,chair,chair,"@Palakonweb Once I was doing this college bus, person in front of me was an idiot and inclined chair back, macbook almost broke, since then I don't use it any bus.",,negative
2025-10-29 12:24:14+00:00,unknown,chair,chair,"Andrew Bailey is Governor of Bank of England
Labour

Chair of Cambridge University branch of Fabian‚Äôs in late 70‚Äôs-80‚Äôs

Bailey‚Äôs annual salary is ¬£495,000+ perks.  His reign ends in March 2028

He largely ‚Äòcontrols‚Äô Great Britain! 
Who controls him?

https://t.co/qjhFd8mCAe https://t.co/s17qX0CHB4",,positive
2025-10-29 12:24:12+00:00,unknown,chair,chair,"üö® Nakapiripiriti painted YELLOW! üíõ Hon. Adrine Kobusingye @Adrine_kk , NRM Women‚Äôs League Chair, set the stage on fire üî• rallying thousands: ‚Äú100% for Mzee in January!‚Äù #AllWomenForMuseveni #NRM #Museveni2026 #ProtectingTheGains #WhyUgStillNeedsM7 https://t.co/z8CCpeH8Fi",,neutral
2025-10-29 12:24:10+00:00,unknown,chair,chair,"#TODAY

üëâ2:00 PM #FOMC interest-rate decision

üëâ2:30 PMFed Chair #Powell press conference",,neutral
2025-10-29 12:24:07+00:00,unknown,chair,chair,"A case study of an office chair demonstrates the use of Freeform for the creation of the seat and backrest, parametric modeling for the base and pivot mechanism, and generative design for the legs and frames. 

https://t.co/NhLWAqOKEh",,negative
2025-10-29 12:23:59+00:00,unknown,chair,chair,Bibliotheca Alexandrina IFLA ISBD Review Group Chair https://t.co/pJWPrvjMy8,,neutral
2025-10-29 12:23:55+00:00,unknown,chair,chair,@PitigoiD @Aladdin3000M @jiggly_puffdadi @KickClipsLive DURRR DURRRRRRR I hope he is limited in what he can say!!! - retardation response - WHERE DID HE SAY THAT?!?? LMFAOOOO you are so fucking pathetic you corner chair cuck! https://t.co/FL4zuFyX5w,,negative
2025-10-29 12:23:55+00:00,unknown,chair,chair,"@HooddSZN Some men get the bed

Others get the cuck chair",,neutral
2025-10-29 12:23:40+00:00,unknown,chair,chair,@OliLondonTV Can he still jump over a chair? https://t.co/4iKsEFPAhI,,neutral
2025-10-29 12:23:27+00:00,unknown,chair,chair,watching oomfs having fun with other ppl is like sitting on a cuck chair while not being into cuckoldry itself,,neutral
2025-10-29 12:23:08+00:00,unknown,chair,chair,"@MsWishVendor @NewGenieWishes sorry, but any chair placed near a bed is a cuck chair.  them's the rules ü§∑‚Äç‚ôÇÔ∏è",,negative
2025-10-29 12:23:07+00:00,unknown,chair,chair,"Leon Czolgosz, the assassin of President William McKinley üá∫üá∏, was executed #OTD 1901

The method of execution was the electric chair

#POTUS ‚ö°Ô∏è https://t.co/Crp24FUYVW",,neutral
2025-10-29 12:22:56+00:00,unknown,chair,chair,"Accidentally suffocated my last chair soooo dm me an application ü§≠
#findom #femdom #mommy #catfish https://t.co/LhIuytIqFL",,neutral
2025-10-29 12:22:54+00:00,unknown,chair,chair,"1/ üî• Today‚Äôs Fed Spotlight

FED Chair Jerome Powell kicks off a key speech today. Markets are watching for any shift in tone on policy-cuts. A more hawkish leaning could stir volatility.",,positive
